Section,TMDB ID,Name,First Air Date,Missing Where-to-Watch,Missing Description
Classics,195961,"أحلى الكلام أو  مدينة القواعد",1999-03-08,YES,
Classics,90991,"Stray Light",1998-12-20,YES,
Classics,95956,"Return of Ghawar",1998-12-19,YES,
Classics,287073,"الثريا",1998-12-19,YES,YES
Classics,197198,"حكايات قبل أن تنزل الآيات",1998-08-01,YES,
Classics,276493,"Fadhaiat",1997-09-30,YES,
Classics,84300,"Harun Al Rashid",1997-01-10,YES,
Classics,53619,"W Enta Amel Eh",1997-01-10,YES,YES
Classics,248848,"The Bird and The Storm",1997-01-10,YES,
Classics,196097,"صندوق الدنيا",1996-05-13,YES,
Classics,195603,"The Wedge",1996-05-09,YES,
Classics,205514,"Hysteria",1996-03-08,YES,
Classics,52697,"I Will Not Live in the Shadow of My Father",1996-01-21,YES,
Classics,55991,"Wanees's Diaries",1994-02-12,YES,
Classics,90994,"Arabesque: The Days of Hassan Al-Noaamany",1994-02-11,YES,
Classics,217165,"The End of a Brave Man",1994-02-11,YES,
Classics,244988,"Sulaiman Al-Tayeb",1993-03-07,YES,
Classics,129287,"The Fortune and the Progeny",1992-03-04,YES,
Classics,96678,"Aldighri",1992-01-01,YES,
Classics,53618,"The Miser and I",1991-07-01,YES,
Classics,296331,"The Timberwood Tales",1991-01-04,YES,YES
Classics,104031,"The Family Of Mr. Shalash",1990-03-27,YES,
Classics,278760,"الثلاثية",1987-04-19,YES,YES
Classics,199002,"Ruqaya and Sabeeka",1986-05-10,YES,
Classics,296184,"Chlorofilla vom blauen Himmel",1984-07-16,YES,YES
Classics,62098,"My Aunt Qumasha",1983-06-27,YES,
Classics,201182,"To Dad and Mom with Love",1980-10-01,YES,
Classics,310748,"Cat's Head",1980-01-12,YES,
Classics,257614,"Space Adventures",1979-02-27,YES,
Classics,201158,"Habbabah",1978-05-07,YES,
Classics,233206,"The Black Cat",1964-05-10,YES,
New Releases,299648,"Civil War",2027-02-01,YES,YES
New Releases,320518,"Duplicate",2026-04-23,YES,YES
New Releases,318847,"Hidden Conscience",2026-04-06,YES,
New Releases,319263,"The Voice Kids: Ahla Sawt",2026-04-03,YES,
New Releases,318188,"Alkhallat+: The Series",2026-04-02,YES,
New Releases,315831,"Al Dahaya",2026-03-05,YES,
New Releases,316533,"Tayar",2026-03-04,YES,
New Releases,306197,"El Masida",2026-02-19,YES,
New Releases,310559,"El Saraya El Safra",2026-02-19,YES,
New Releases,314591,"ديقوردي",2026-02-19,YES,YES
New Releases,314568,"Makarem",2026-02-19,YES,
New Releases,314542,"Explorer",2026-02-19,YES,YES
New Releases,314480,"El Hesn",2026-02-19,YES,
New Releases,309004,"Crime of Love",2026-02-19,YES,
New Releases,314986,"Sawa'edna",2026-02-19,YES,
New Releases,314800,"امام من ذهب",2026-02-19,YES,YES
New Releases,314727,"مولات الدار",2026-02-19,YES,YES
New Releases,303699,"El Bakht",2026-02-18,YES,
New Releases,297621,"Fakhr El Dilta",2026-02-18,YES,
New Releases,246788,"Ithbat Nasab",2026-02-18,YES,
New Releases,313219,"Rouge Aswad",2026-02-18,YES,
New Releases,314464,"The enemy Syrians",2026-02-18,YES,
New Releases,314369,"Muluk Al Yemen",2026-02-18,YES,
New Releases,314234,"The Daughter of  Al-Noaman",2026-02-18,YES,
New Releases,313858,"Exiting to the Well",2026-02-18,YES,
New Releases,309843,"The Weaver",2026-02-18,YES,
New Releases,297385,"City Kitchen",2026-02-18,YES,
New Releases,315315,"النهاية",2026-02-18,YES,YES
New Releases,314683,"النهاية - رمضان 2026",2026-02-18,YES,YES
New Releases,314580,"Freeze",2026-02-18,YES,
New Releases,314547,"Nuruha Fiha",2026-02-18,YES,
New Releases,314457,"خير جليس",2026-02-18,YES,YES
New Releases,314400,"Anbar 5",2026-02-18,YES,
New Releases,314370,"بيت ام ليلة",2026-02-18,YES,YES
New Releases,314329,"Cut And Paste",2026-02-18,YES,
New Releases,314328,"Hakatha Asmaa Allah Al Hosna",2026-02-18,YES,
New Releases,314323,"لدر",2026-02-18,YES,YES
New Releases,314259,"بهيجو لاند",2026-02-18,YES,YES
New Releases,314258,"Banat El Khala",2026-02-18,YES,
New Releases,314241,"11 Percent",2026-02-18,YES,
New Releases,314185,"Bait Al Saad",2026-02-18,YES,
New Releases,314111,"حين لا يرانا أحد",2026-02-18,YES,YES
New Releases,314109,"The Judgment is Necessary",2026-02-18,YES,
New Releases,314088,"Terms and Conditions Apply",2026-02-18,YES,
New Releases,314087,"The Driver: A Journey of a Lifetime",2026-02-18,YES,YES
New Releases,314083,"Dara",2026-02-18,YES,
New Releases,314082,"Trend",2026-02-18,YES,
New Releases,308941,"Years of Darkness",2026-02-18,YES,
New Releases,305177,"Before and After",2026-02-18,YES,
New Releases,304606,"Little Steps",2026-02-18,YES,
New Releases,314163,"The Devil's Prisons",2026-02-18,YES,
New Releases,315454,"‏حكاية مسجد",2026-02-17,YES,YES
New Releases,315270,"Revive Your Heart 2026",2026-02-17,YES,
New Releases,314475,"The Stories of the Prophets For Children",2026-02-17,YES,
New Releases,314294,"Tafaddal",2026-02-17,YES,
New Releases,314344,"كوفكاتير",2026-02-12,YES,YES
New Releases,313860,"A Summer Meant for Us",2026-02-12,YES,YES
New Releases,312145,"Mn A-Saudiya",2026-01-23,YES,YES
New Releases,313181,"Shuhaiwa Tendance",2026-01-20,YES,
New Releases,311673,"It starts with a meal",2026-01-17,YES,
New Releases,306529,"A.B.I.: A Broken Inheritance",2026-01-13,YES,
New Releases,310662,"The Refrigerator Warden",2026-01-11,YES,YES
New Releases,312098,"The Day of Judgment",2026-01-01,YES,YES
New Releases,310059,"Riwayatona Al Saudia",2026-01-01,YES,
New Releases,309404,"افريقيا مع فايق",2025-12-24,YES,YES
New Releases,305687,"Dawlat Al-Tilawa",2025-11-14,YES,YES
New Releases,299922,"Kawalees",2025-09-04,YES,YES
New Releases,295048,"Laysa Kull Ma Tara Huwa Ma Yabdu",2025-08-09,YES,
New Releases,296374,"Dark Chocolate",2025-07-09,YES,
New Releases,293979,"Total Defense",2025-06-24,YES,
New Releases,292082,"I confided a lot",2025-05-21,YES,
New Releases,291535,"Ahd Anees",2025-05-14,YES,
New Releases,290118,"All lives Hadya",2025-04-23,YES,
New Releases,250110,"شمال اجباري",2025-03-16,YES,YES
New Releases,285536,"Broadcast with Hassan Assiri",2025-03-01,YES,
New Releases,285060,"Give and take",2025-03-01,YES,
New Releases,283495,"My heart and its key",2025-03-01,YES,YES
New Releases,284659,"Ramez Elon Masr",2025-03-01,YES,
New Releases,285541,"The Beginning Road",2025-03-01,YES,YES
New Releases,283747,"Wesh Saad",2025-03-01,YES,YES
New Releases,285065,"جوازة مشروعة",2025-03-01,YES,YES
New Releases,286066,"غريب يا دنيا",2025-03-01,YES,YES
New Releases,285589,"فندق خمس هموم",2025-03-01,YES,
New Releases,285041,"مدفع رمضان",2025-03-01,YES,YES
New Releases,285421,"Child Treatment Certificate",2025-02-28,YES,
New Releases,275284,"بنات الثانوي ج 2",2024-12-01,YES,
New Releases,260674,"Solitary confinement",2024-08-02,YES,
Popular,318188,"Alkhallat+: The Series",2026-04-02,YES,
Popular,206548,"Room 207",2022-10-31,YES,
Popular,195504,"From El Haram Street To...",2022-04-02,YES,
Popular,88516,"AlRawabi School for Girls",2021-08-12,YES,
Popular,110562,"A Woman Scorned",2020-10-07,YES,
Popular,104877,"Love Is in the Air",2020-07-08,YES,
Popular,88589,"Jinn",2019-06-13,YES,
Popular,82369,"My Little Girl",2018-09-19,YES,
Popular,101604,"My Heart Relieved",2018-05-17,YES,
Popular,79650,"Al Waseya",2018-05-17,YES,
Popular,77994,"Persona",2018-03-17,YES,
Popular,75365,"Wolf",2018-02-28,YES,
Popular,69786,"Innocent",2017-01-27,YES,
Popular,64164,"Sun's Daughters",2015-06-18,YES,
Popular,70583,"Asla Vazgeçmem",2015-02-12,YES,
Popular,66017,"Resurrection: Ertugrul",2014-12-11,YES,
Popular,40417,"Leyla and Mecnun",2011-02-09,YES,
Popular,34899,"The Magnificent Century",2011-01-06,YES,
Popular,39176,"Behzat Ç.: An Ankara Policeman",2010-09-19,YES,
Popular,44807,"What is Fatmagul's Fault?",2010-09-16,YES,
Popular,32519,"Ezel",2009-09-28,YES,
Popular,34587,"The Valley of The Wolves",2003-01-15,YES,
Popular,52697,"I Will Not Live in the Shadow of My Father",1996-01-21,YES,